model,best_params,best_cv_f1,accuracy,auc,precision,recall,f1,mcc,artifact
xgboost,"{'clf__colsample_bytree': 0.8, 'clf__learning_rate': 0.2, 'clf__max_depth': 7, 'clf__n_estimators': 200, 'clf__subsample': 1.0}",0.8580569500008011,0.9571428571428572,0.9809108029447013,0.86,0.8686868686868687,0.864321608040201,0.838889617835385,artifacts/xgboost_best.joblib
knn,"{'clf__n_neighbors': 5, 'clf__p': 1, 'clf__weights': 'distance'}",0.8147114665328997,0.9507936507936507,0.9593201316365159,0.8863636363636364,0.7878787878787878,0.8342245989304813,0.8073770864024904,artifacts/knn_best.joblib
random_forest,"{'clf__max_depth': None, 'clf__min_samples_leaf': 1, 'clf__min_samples_split': 5, 'clf__n_estimators': 200}",0.8335025869485271,0.9492063492063492,0.9830223135307881,0.8850574712643678,0.7777777777777778,0.8279569892473119,0.8006004719717827,artifacts/random_forest_best.joblib
decision_tree,"{'clf__criterion': 'entropy', 'clf__max_depth': None, 'clf__min_samples_leaf': 1, 'clf__min_samples_split': 2}",0.814119241192412,0.9396825396825397,0.9060663128459739,0.7904761904761904,0.8383838383838383,0.8137254901960784,0.7782570001139283,artifacts/decision_tree_best.joblib
logistic_regression,"{'clf__C': 10.0, 'clf__max_iter': 500}",0.6173651031759066,0.8873015873015873,0.936169605661131,0.6944444444444444,0.5050505050505051,0.5847953216374269,0.5303260541838194,artifacts/logistic_regression_best.joblib
naive_bayes,{'clf__var_smoothing': 1e-09},0.5524029215965954,0.7841269841269841,0.9029180695847363,0.4155251141552511,0.9191919191919192,0.5723270440251572,0.5182502564196698,artifacts/naive_bayes_best.joblib
