model,best_params,best_cv_f1,accuracy,auc,precision,recall,f1,mcc,artifact
xgboost,"{'clf__colsample_bytree': 0.8, 'clf__learning_rate': 0.2, 'clf__max_depth': 7, 'clf__n_estimators': 200, 'clf__subsample': 1.0}",0.8376377464950456,0.9623015873015873,0.9890841399851079,0.8846153846153846,0.8734177215189873,0.8789808917197452,0.8566796710613689,model/artifacts/xgboost_best.joblib
knn,"{'clf__n_neighbors': 3, 'clf__p': 1, 'clf__weights': 'distance'}",0.8307088344643777,0.9623015873015873,0.9541623231571109,0.8947368421052632,0.8607594936708861,0.8774193548387097,0.8553786207163206,model/artifacts/knn_best.joblib
random_forest,"{'clf__max_depth': None, 'clf__min_samples_leaf': 1, 'clf__min_samples_split': 2, 'clf__n_estimators': 200}",0.8460567491961116,0.9503968253968254,0.9870141474311244,0.875,0.7974683544303798,0.8344370860927153,0.806538187011913,model/artifacts/random_forest_best.joblib
decision_tree,"{'clf__criterion': 'entropy', 'clf__max_depth': None, 'clf__min_samples_leaf': 1, 'clf__min_samples_split': 2}",0.8037503952025661,0.9305555555555556,0.8856291883842143,0.7682926829268293,0.7974683544303798,0.782608695652174,0.7414857665820999,model/artifacts/decision_tree_best.joblib
naive_bayes,{'clf__var_smoothing': 1e-09},0.5406091384419558,0.753968253968254,0.9000595681310499,0.38095238095238093,0.9113924050632911,0.5373134328358209,0.4776898990064654,model/artifacts/naive_bayes_best.joblib
logistic_regression,"{'clf__C': 10.0, 'clf__max_iter': 500}",0.5673108426008012,0.878968253968254,0.9294862248696948,0.7142857142857143,0.379746835443038,0.49586776859504134,0.46238311524644854,model/artifacts/logistic_regression_best.joblib
